{"cameraMode":{"drawMode":0,"name":"Shaded","section":"Shading Mode"},"sceneLighting":true,"audioPlay":false,"sceneViewState":{"m_AlwaysRefresh":false,"showFog":true,"showSkybox":false,"showFlares":true,"showImageEffects":true,"showParticleSystems":true,"showVisualEffectGraphs":true,"m_FxEnabled":true},"in2DMode":false,"pivot":{"x":39.911949157714847,"y":-30.331283569335939,"z":69.13079833984375},"rotation":{"x":-0.1849556267261505,"y":-0.18104955554008485,"z":0.03468994051218033,"w":-0.9653024673461914},"size":61.667606353759769,"orthographic":false}